latitude,longitude,url,Name,Beds,Visitors,Bathrooms,Bedrooms,Amenities,PricePerNight,Total_Price,#_of_Amenities,Views
38.4374,20.5521,https://www.airbnb.gr/rooms/43907785?adults=2&check_in=2023-07-20&check_out=2023-07-30&previous_page_section_name=1000,Blue Horizon Retro Villa ιδιωτική πισίνα υπέροχη θέα,2,3,1,1,"['Θέα στον κόλπο', 'Θέα στο βουνό', 'Θέα σε πισίνα', 'Θέα στη θάλασσα', 'Πιστολάκι μαλλιών', 'Σαμπουάν', 'Ζεστό νερό', 'Αφρόλουτρο', 'Είδη πρώτης ανάγκης', 'Κρεμάστρες', 'Κλινοσκεπάσματα', 'Επιπλέον μαξιλάρια και κουβέρτες', 'Απλώστρα ρούχων', 'Κουνουπιέρα', 'Χώρος αποθήκευσης ρούχων: ντουλάπα', 'Τηλεόραση', 'Βρεφική κούνια', 'Καρεκλάκι μωρού', 'Κλιματισμός', 'Πυροσβεστήρας', 'Κουτί πρώτων βοηθειών', 'Wifi', 'Κουζίνα', 'Ψυγείο', 'Φούρνος μικροκυμάτων', 'Μαγειρικά είδη', 'Πιάτα και μαχαιροπίρουνα', 'Ηλεκτρική εστία', 'Βραστήρας', 'Καφετιέρα', 'Ποτήρια κρασιού', 'Φρυγανιέρα', 'Τραπεζαρία', 'Ιδιωτική είσοδος', 'Αίθριο ή μπαλκόνι: Ιδιωτική παροχή', 'Κοινόχρηστη πίσω αυλή – Με πλήρη περίφραξη', 'Έπιπλα εξωτερικού χώρου', 'Υπαίθρια τραπεζαρία', 'Δωρεάν πάρκινγκ στην ιδιοκτησία', 'Πισίνα: Ιδιωτική παροχή:, σε εξωτερικό χώρο - διατίθεται ανάλογα την εποχή, διατίθεται 24 ώρες το 24-ωρο', 'Μονώροφο σπίτι', 'Επιτρέπεται αποθήκευση αποσκευών', 'Επιτρέπονται οι διαμονές μεγάλης διάρκειας', 'Ο οικοδεσπότης σας υποδέχεται']",226,2256,44,4
38.1801,20.4886,https://www.airbnb.gr/rooms/678700006356511674?adults=2&check_in=2023-07-20&check_out=2023-07-30&previous_page_section_name=1000,Nostra Casa apartment in Argostoli,2,3,1,1,"['Θέα σε αυλή', 'Θέα στον κήπο', 'Πιστολάκι μαλλιών', 'Σαμπουάν', 'Αφρόλουτρο/σαπούνι σώματος', 'Ζεστό νερό', 'Αφρόλουτρο', 'Πλυντήριο ρούχων', 'Είδη πρώτης ανάγκης', 'Κρεμάστρες', 'Κλινοσκεπάσματα', 'Κουρτίνες συσκότισης', 'Σίδερο', 'Απλώστρα ρούχων', 'Netflix', 'Κλιματιστικό παραθύρου', 'Θέρμανση - Κλιματιστικό με δύο μονάδες χωρίς αεραγωγό', 'Πυροσβεστήρας', 'Κουτί πρώτων βοηθειών', 'Wifi – 8 Mbps', 'Ειδικός χώρος εργασίας', 'Κουζίνα', 'Ψυγείο', 'Μαγειρικά είδη', 'Πιάτα και μαχαιροπίρουνα', 'Καταψύκτης', 'Κουζίνα', 'Φούρνος', 'Βραστήρας', 'Καφετιέρα: μηχανή για εσπρέσο, γαλλική πρέσα', 'Ποτήρια κρασιού', 'Φρυγανιέρα', 'Ταψί', 'Καφές', 'Τραπεζαρία', 'Αίθριο ή μπαλκόνι: Ιδιωτική παροχή', 'Ιδιωτική πίσω αυλή – Με πλήρη περίφραξη', 'Έπιπλα εξωτερικού χώρου', 'Υπαίθρια τραπεζαρία', 'Ψησταριά μπάρμπεκιου', 'Δωρεάν πάρκινγκ στον δρόμο', 'Μονώροφο σπίτι', 'Επιτρέπονται οι διαμονές μεγάλης διάρκειας']",224,2233,43,2
38.37577,20.53839,https://www.airbnb.gr/rooms/19335074?adults=2&check_in=2023-07-20&check_out=2023-07-30&previous_page_section_name=1000,Σοφίτα στην Άσσο με εκπληκτική θέα.,2,2,1,1,"['Θέα στον κόλπο', 'Θέα στη θάλασσα', 'Πιστολάκι μαλλιών', 'Σαμπουάν', 'Ζεστό νερό', 'Αφρόλουτρο', 'Πλυντήριο ρούχων', 'Στεγνωτήριο', 'Είδη πρώτης ανάγκης', 'Κρεμάστρες', 'Κλινοσκεπάσματα', 'Σίδερο', 'Χώρος αποθήκευσης ρούχων: γκαρνταρόμπα', 'Κλασική καλωδιακή τηλεόραση', 'Κλιματιστικό με δύο μονάδες χωρίς αεραγωγό', 'Πυροσβεστήρας', 'Wifi', 'Κουζίνα', 'Ψυγείο', 'Μαγειρικά είδη', 'Πιάτα και μαχαιροπίρουνα', 'Κουζίνα', 'Φούρνος', 'Καφετιέρα', 'Δωρεάν πάρκινγκ στην ιδιοκτησία', 'Δωρεάν πάρκινγκ στον δρόμο', 'Επιτρέπεται το κάπνισμα', 'Ο οικοδεσπότης σας υποδέχεται']",215,2145,28,2
38.24998,20.64537,https://www.airbnb.gr/rooms/624587858701089680?adults=2&check_in=2023-07-20&check_out=2023-07-30&previous_page_section_name=1000,Ο ξενώνας της Tonia,3,4,1,1,"['Θέα στον κήπο', 'Θέα στο βουνό', 'Πιστολάκι μαλλιών', 'Προϊόντα καθαρισμού', 'Πλυντήριο ρούχων', 'Είδη πρώτης ανάγκης', 'Κρεμάστρες', 'Κλινοσκεπάσματα', 'Σίδερο', 'Απλώστρα ρούχων', 'Χώρος αποθήκευσης ρούχων: γκαρνταρόμπα', 'Τηλεόραση', 'Πάρκο/κούνια ταξιδιού', 'Κλιματισμός', 'Πυροσβεστήρας', 'Κουτί πρώτων βοηθειών', 'Wifi', 'Κουζίνα', 'Ψυγείο', 'Μαγειρικά είδη', 'Πιάτα και μαχαιροπίρουνα', 'Καταψύκτης', 'Κουζίνα', 'Φούρνος', 'Καφετιέρα: κλασική καφετιέρα φίλτρου', 'Ταψί', 'Μαγειρικά σκεύη για μπάρμπεκιου', 'Ψησταριά μπάρμπεκιου', 'Δωρεάν πάρκινγκ στον δρόμο', 'Μονώροφο σπίτι', 'Επιτρέπονται οι διαμονές μεγάλης διάρκειας']",144,1434,31,2
38.3314,20.55,https://www.airbnb.gr/rooms/14224598?adults=2&check_in=2023-07-20&check_out=2023-07-30&previous_page_section_name=1000,Divaris charalampos 2,2,2,1,1,"['Θέα σε αυλή', 'Θέα στο βουνό', 'Ζεστό νερό', 'Είδη πρώτης ανάγκης', 'Κρεμάστρες', 'Απλώστρα ρούχων', 'Τηλεόραση 19"": Κλασική καλωδιακή τηλεόραση', 'Ανεμιστήρας οροφής', 'Πυροσβεστήρας', 'Κλειδαριά στην πόρτα του υπνοδωματίου', 'Wifi', 'Κουζίνα', 'Μαγειρικά είδη', 'Πιάτα και μαχαιροπίρουνα', 'Ψυγειάκι', 'Βραστήρας', 'Καφετιέρα', 'Πρόσβαση σε παραλία: Δημόσιο ή κοινόχρηστο', 'Ιδιωτική είσοδος', 'Πρόσβαση σε θέρετρο', 'Αίθριο ή μπαλκόνι: Κοινόχρηστη παροχή', 'Έπιπλα εξωτερικού χώρου', 'Δωρεάν πάρκινγκ στην ιδιοκτησία', 'Δωρεάν πάρκινγκ στον δρόμο', 'Επιτρέπονται κατοικίδια', 'Επιτρέπεται το κάπνισμα', 'Επιτρέπονται οι διαμονές μεγάλης διάρκειας', 'Ο οικοδεσπότης σας υποδέχεται']",142,1412,28,2
38.1193,20.6297,https://www.airbnb.gr/rooms/26373759?adults=2&check_in=2023-07-20&check_out=2023-07-30&previous_page_section_name=1000,Studio Maria με υπέροχη θέα στο Λουρδά,2,2,1,0,"['Θέα στον κόλπο', 'Θέα στον κήπο', 'Θέα στη θάλασσα', 'Πιστολάκι μαλλιών', 'Προϊόντα καθαρισμού', 'Σαμπουάν', 'Ζεστό νερό', 'Αφρόλουτρο', 'Είδη πρώτης ανάγκης', 'Κρεμάστρες', 'Κλινοσκεπάσματα', 'Επιπλέον μαξιλάρια και κουβέρτες', 'Κουρτίνες συσκότισης', 'Σίδερο', 'Απλώστρα ρούχων', 'Χώρος αποθήκευσης ρούχων: ντουλάπα', 'HDTV 32""', 'Κεντρικός κλιματισμός', 'Πυροσβεστήρας', 'Κουτί πρώτων βοηθειών', 'Wifi', 'Ψυγείο', 'Μαγειρικά είδη', 'Πιάτα και μαχαιροπίρουνα', 'Επαγωγική εστία', 'Βραστήρας', 'Καφετιέρα: κλασική καφετιέρα φίλτρου', 'Ποτήρια κρασιού', 'Φρυγανιέρα', 'Καφές', 'Ιδιωτική είσοδος', 'Αίθριο ή μπαλκόνι: Ιδιωτική παροχή', 'Κοινόχρηστη πίσω αυλή – Χωρίς πλήρη περίφραξη', 'Έπιπλα εξωτερικού χώρου', 'Είδη παραλίας', 'Δωρεάν πάρκινγκ στον δρόμο', 'Επιτρέπονται κατοικίδια', 'Επιτρέπεται αποθήκευση αποσκευών', 'Επιτρέπονται οι διαμονές μεγάλης διάρκειας', 'Ο οικοδεσπότης σας υποδέχεται']",141,1410,40,3
38.1137,20.6337,https://www.airbnb.gr/rooms/840990732149628331?adults=2&check_in=2023-07-20&check_out=2023-07-30&previous_page_section_name=1000,Angela μερική θέα στη θάλασσα 6,2,2,1,0,"['Θέα στη θάλασσα', 'Θέα στο βουνό', 'Είδη πρώτης ανάγκης', 'Κλινοσκεπάσματα', 'Τηλεόραση', 'Κλιματισμός', 'Wifi', 'Κουζίνα', 'Ψυγείο', 'Πιάτα και μαχαιροπίρουνα', 'Καταψύκτης', 'Κουζίνα', 'Βραστήρας', 'Πρόσβαση σε παραλία', 'Ιδιωτική είσοδος', 'Αίθριο ή μπαλκόνι', 'Δωρεάν πάρκινγκ στον δρόμο']",129,1283,17,2
38.1542,20.7711,https://www.airbnb.gr/rooms/54143316?adults=2&check_in=2023-07-20&check_out=2023-07-30&previous_page_section_name=1000,belvedere apartment,3,3,1,1,"['Θέα σε παραλία', 'Θέα στη θάλασσα', 'Πιστολάκι μαλλιών', 'Προϊόντα καθαρισμού', 'Σαμπουάν', 'Αφρόλουτρο/σαπούνι σώματος', 'Ζεστό νερό', 'Πλυντήριο ρούχων', 'Είδη πρώτης ανάγκης', 'Κρεμάστρες', 'Κλινοσκεπάσματα', 'Επιπλέον μαξιλάρια και κουβέρτες', 'Κουρτίνες συσκότισης', 'Σίδερο', 'Απλώστρα ρούχων', 'Χώρος αποθήκευσης ρούχων', 'Σύνδεση ethernet', 'Κλασική καλωδιακή τηλεόραση', 'Βρεφική κούνια', 'Πάρκο/κούνια ταξιδιού', 'Ανεξάρτητο καρεκλάκι μωρού', 'Επιτραπέζια παιχνίδια', 'Κλιματισμός', 'Ανιχνευτής καπνού', 'Ανιχνευτής μονοξειδίου του άνθρακα', 'Πυροσβεστήρας', 'Κουτί πρώτων βοηθειών', 'Wifi', 'Κουζίνα', 'Ψυγείο', 'Φούρνος μικροκυμάτων', 'Μαγειρικά είδη', 'Πιάτα και μαχαιροπίρουνα', 'Κουζίνα', 'Φούρνος', 'Βραστήρας', 'Καφετιέρα', 'Ποτήρια κρασιού', 'Φρυγανιέρα', 'Ταψί', 'Μαγειρικά σκεύη για μπάρμπεκιου', 'Πρόσβαση σε παραλία – Μπροστά σε παραλία', 'Αίθριο ή μπαλκόνι: Ιδιωτική παροχή', 'Πίσω αυλή', 'Έπιπλα εξωτερικού χώρου', 'Αιώρα', 'Είδη παραλίας', 'Δωρεάν πάρκινγκ στην ιδιοκτησία', 'Δωρεάν πάρκινγκ στον δρόμο', 'Ασανσέρ', 'Μονώροφο σπίτι', 'Επιτρέπεται αποθήκευση αποσκευών', 'Επιτρέπονται οι διαμονές μεγάλης διάρκειας', 'Check-in χωρίς παρουσία οικοδεσπότη', 'Κουτί φύλαξης κλειδιών']",128,1280,55,2
38.1237,20.5394,https://www.airbnb.gr/rooms/19394648?adults=2&check_in=2023-07-20&check_out=2023-07-30&previous_page_section_name=1000,"Στούντιο Kộli στο ισόγειο της Κεφαλονιάς, χώρος στάθμευσης σε πισίνα",2,3,1,0,"['Θέα στον κήπο', 'Θέα στο βουνό', 'Θέα σε πισίνα', 'Θέα σε αμπελώνες', 'Πιστολάκι μαλλιών', 'Προϊόντα καθαρισμού', 'Σαμπουάν', 'Μαλακτικό', 'Ντους εξωτερικού χώρου', 'Ζεστό νερό', 'Αφρόλουτρο', 'Πλυντήριο ρούχων – στο κτίριο: Δωρεάν', 'Είδη πρώτης ανάγκης', 'Κρεμάστρες', 'Κλινοσκεπάσματα', 'Επιπλέον μαξιλάρια και κουβέρτες', 'Κουρτίνες συσκότισης', 'Σίδερο', 'Απλώστρα ρούχων', 'Χώρος αποθήκευσης ρούχων: γκαρνταρόμπα', 'HDTV 32""', 'Βρεφική κούνια', 'Πάρκο/κούνια ταξιδιού', 'Παιδικά βιβλία και παιχνίδια', 'Καρεκλάκι μωρού', 'Κλιματισμός', 'Ανεμιστήρας οροφής', 'Φορητοί ανεμιστήρες', 'Θέρμανση', 'Ανιχνευτής καπνού', 'Ανιχνευτής μονοξειδίου του άνθρακα', 'Πυροσβεστήρας', 'Κουτί πρώτων βοηθειών', 'Wifi', 'Ειδικός χώρος εργασίας', 'Κουζίνα', 'Ψυγείο', 'Φούρνος μικροκυμάτων', 'Μαγειρικά είδη', 'Πιάτα και μαχαιροπίρουνα', 'Ψυγειάκι', 'Ηλεκτρική εστία', 'Μονός φούρνος', 'Βραστήρας', 'Καφετιέρα: κλασική καφετιέρα φίλτρου, μηχανή για εσπρέσο', 'Ποτήρια κρασιού', 'Φρυγανιέρα', 'Ταψί', 'Μίξερ', 'Μαγειρικά σκεύη για μπάρμπεκιου', 'Τραπεζαρία', 'Ιδιωτική είσοδος', 'Αίθριο ή μπαλκόνι: Ιδιωτική παροχή', 'Ιδιωτική πίσω αυλή – Με πλήρη περίφραξη', 'Έπιπλα εξωτερικού χώρου', 'Υπαίθρια τραπεζαρία', 'Ψησταριά μπάρμπεκιου', 'Ποδήλατα', 'Δωρεάν πάρκινγκ στην ιδιοκτησία', 'Πισίνα: κοινόχρηστη παροχή σε εξωτερικό χώρο', 'Επιτρέπεται αποθήκευση αποσκευών', 'Επιτρέπεται το κάπνισμα', 'Check-in χωρίς παρουσία οικοδεσπότη', 'Προσωπικό κτηρίου', 'Ο οικοδεσπότης σας υποδέχεται']",124,1240,65,4
38.4655,20.5489,https://www.airbnb.gr/rooms/15130834?adults=2&check_in=2023-07-20&check_out=2023-07-30&previous_page_section_name=1000,Γραφικό παραδοσιακό εξοχικό σπίτι του 17ου αιώνα,4,6,1,2,"['Θέα στον κόλπο', 'Θέα στον κήπο', 'Θέα σε ωκεανό', 'Μπανιέρα', 'Πιστολάκι μαλλιών', 'Σαμπουάν', 'Ζεστό νερό', 'Πλυντήριο ρούχων – στο κτίριο: Δωρεάν', 'Είδη πρώτης ανάγκης', 'Κρεμάστρες', 'Κλινοσκεπάσματα', 'Επιπλέον μαξιλάρια και κουβέρτες', 'Σίδερο', 'HDTV με Κλασική καλωδιακή τηλεόραση', 'Κλιματιστικό με δύο μονάδες χωρίς αεραγωγό', 'Θέρμανση', 'Ανιχνευτής καπνού', 'Ανιχνευτής μονοξειδίου του άνθρακα', 'Πυροσβεστήρας', 'Wifi', 'Κουζίνα', 'Ψυγείο', 'Φούρνος μικροκυμάτων', 'Μαγειρικά είδη', 'Πιάτα και μαχαιροπίρουνα', 'Καταψύκτης', 'Κουζίνα', 'Φούρνος', 'Καφετιέρα', 'Ταψί', 'Ιδιωτική είσοδος', 'Αίθριο ή μπαλκόνι: Ιδιωτική παροχή', 'Ιδιωτική πίσω αυλή – Με πλήρη περίφραξη', 'Δωρεάν πάρκινγκ στην ιδιοκτησία', 'Μονώροφο σπίτι', 'Επιτρέπονται κατοικίδια', 'Επιτρέπεται αποθήκευση αποσκευών', 'Επιτρέπονται οι διαμονές μεγάλης διάρκειας', 'Check-in χωρίς παρουσία οικοδεσπότη', 'Κουτί φύλαξης κλειδιών']",124,1240,40,3
38.18658,20.52897,https://www.airbnb.gr/rooms/26865682?adults=2&check_in=2023-07-20&check_out=2023-07-30&previous_page_section_name=1000,"<meta content='KTHMA ΛΟΥΙΖΑ &gt; ""Ξενώνας"" για ηρεμία και χαλάρωση' itemprop=""name""/>",2,3,1,1,"['Θέα σε αυλή', 'Θέα στον κήπο', 'Πιστολάκι μαλλιών', 'Σαμπουάν', 'Ζεστό νερό', 'Αφρόλουτρο', 'Πλυντήριο ρούχων – στο κατάλυμα: Δωρεάν', 'Είδη πρώτης ανάγκης', 'Κρεμάστρες', 'Κλινοσκεπάσματα', 'Επιπλέον μαξιλάρια και κουβέρτες', 'Σίδερο', 'HDTV με Κλασική καλωδιακή τηλεόραση', 'Βρεφική κούνια', 'Παιδικά μαχαιροπήρουνα', 'Συστάσεις για νταντά', 'Κεντρικός κλιματισμός', 'Θέρμανση', 'Πυροσβεστήρας', 'Κουτί πρώτων βοηθειών', 'Wifi', 'Ειδικός χώρος εργασίας', 'Κουζίνα', 'Ψυγείο', 'Μαγειρικά είδη', 'Πιάτα και μαχαιροπίρουνα', 'Κουζίνα', 'Φούρνος', 'Καφετιέρα', 'Ιδιωτική είσοδος', 'Ιδιωτική πίσω αυλή – Χωρίς πλήρη περίφραξη', 'Έπιπλα εξωτερικού χώρου', 'Ψησταριά μπάρμπεκιου', 'Δωρεάν πάρκινγκ στην ιδιοκτησία', 'Δωρεάν πάρκινγκ στον δρόμο', 'Μονώροφο σπίτι', 'Επιτρέπονται κατοικίδια', 'Επιτρέπεται αποθήκευση αποσκευών', 'Επιτρέπονται οι διαμονές μεγάλης διάρκειας', 'Check-in χωρίς παρουσία οικοδεσπότη', 'Κουτί φύλαξης κλειδιών']",124,1234,41,2
38.24998,20.64537,https://www.airbnb.gr/rooms/624587858701089680?adults=2&check_in=2023-07-20&check_out=2023-07-30&previous_page_section_name=1000,Ο ξενώνας της Tonia,3,4,1,1,"['Θέα στον κήπο', 'Θέα στο βουνό', 'Πιστολάκι μαλλιών', 'Προϊόντα καθαρισμού', 'Πλυντήριο ρούχων', 'Είδη πρώτης ανάγκης', 'Κρεμάστρες', 'Κλινοσκεπάσματα', 'Σίδερο', 'Απλώστρα ρούχων', 'Χώρος αποθήκευσης ρούχων: γκαρνταρόμπα', 'Τηλεόραση', 'Πάρκο/κούνια ταξιδιού', 'Κλιματισμός', 'Πυροσβεστήρας', 'Κουτί πρώτων βοηθειών', 'Wifi', 'Κουζίνα', 'Ψυγείο', 'Μαγειρικά είδη', 'Πιάτα και μαχαιροπίρουνα', 'Καταψύκτης', 'Κουζίνα', 'Φούρνος', 'Καφετιέρα: κλασική καφετιέρα φίλτρου', 'Ταψί', 'Μαγειρικά σκεύη για μπάρμπεκιου', 'Ψησταριά μπάρμπεκιου', 'Δωρεάν πάρκινγκ στον δρόμο', 'Μονώροφο σπίτι', 'Επιτρέπονται οι διαμονές μεγάλης διάρκειας']",114,1140,31,2
38.3015,20.4905,https://www.airbnb.gr/rooms/27519499?adults=2&check_in=2023-07-20&check_out=2023-07-30&previous_page_section_name=1000,Το σπίτι της Σοφίας στον Αγκώνα Κεφαλονιάς.,2,3,1,0,"['Θέα στον κόλπο', 'Θέα στο βουνό', 'Πιστολάκι μαλλιών', 'Ζεστό νερό', 'Είδη πρώτης ανάγκης', 'Κρεμάστρες', 'Σίδερο', 'Χώρος αποθήκευσης ρούχων: γκαρνταρόμπα', 'Βρεφική κούνια - διατίθεται κατόπιν αιτήματος', 'Καρεκλάκι μωρού', 'Κλιματισμός', 'Θέρμανση', 'Wifi', 'Κουζίνα', 'Ψυγείο', 'Μαγειρικά είδη', 'Πιάτα και μαχαιροπίρουνα', 'Ψυγειάκι', 'Ηλεκτρική εστία', 'Φούρνος', 'Καφετιέρα', 'Ποτήρια κρασιού', 'Ταψί', 'Τραπεζαρία', 'Ιδιωτική είσοδος', 'Πίσω αυλή', 'Υπαίθρια τραπεζαρία', 'Δωρεάν πάρκινγκ στον δρόμο', 'Επιτρέπονται κατοικίδια', 'Επιτρέπεται αποθήκευση αποσκευών', 'Επιτρέπονται οι διαμονές μεγάλης διάρκειας', 'Ο οικοδεσπότης σας υποδέχεται']",111,1105,32,2
38.33194,20.54908,https://www.airbnb.gr/rooms/14224919?adults=2&check_in=2023-07-20&check_out=2023-07-30&previous_page_section_name=1000,ΔΙΒΑΡΗΣ ΧΑΡΑΛΜΠΟΣ 7,2,2,1,1,"['Θέα σε αυλή', 'Θέα στο βουνό', 'Ζεστό νερό', 'Είδη πρώτης ανάγκης', 'Κρεμάστρες', 'Απλώστρα ρούχων', 'Τηλεόραση 19"": Κλασική καλωδιακή τηλεόραση', 'Ανεμιστήρας οροφής', 'Πυροσβεστήρας', 'Κλειδαριά στην πόρτα του υπνοδωματίου', 'Wifi', 'Κουζίνα', 'Μαγειρικά είδη', 'Πιάτα και μαχαιροπίρουνα', 'Ψυγειάκι', 'Βραστήρας', 'Καφετιέρα', 'Πρόσβαση σε παραλία', 'Ιδιωτική είσοδος', 'Πρόσβαση σε θέρετρο', 'Αίθριο ή μπαλκόνι: Ιδιωτική παροχή', 'Κοινόχρηστη πίσω αυλή – Χωρίς πλήρη περίφραξη', 'Έπιπλα εξωτερικού χώρου', 'Δωρεάν πάρκινγκ στην ιδιοκτησία', 'Επιτρέπονται κατοικίδια', 'Επιτρέπεται αποθήκευση αποσκευών', 'Επιτρέπεται το κάπνισμα', 'Επιτρέπονται οι διαμονές μεγάλης διάρκειας', 'Ο οικοδεσπότης σας υποδέχεται']",110,1099,29,2
38.2783,20.4161,https://www.airbnb.gr/rooms/1195917?adults=2&check_in=2023-07-20&check_out=2023-07-30&previous_page_section_name=1000,Αγροτόσπιτο Κοριανής,4,5,1,1,"['Θέα στον κόλπο', 'Θέα σε παραλία', 'Θέα στον κήπο', 'Θέα στο βουνό', 'Θέα στη θάλασσα', 'Θέα σε αμπελώνες', 'Πιστολάκι μαλλιών', 'Σαμπουάν', 'Ζεστό νερό', 'Πλυντήριο ρούχων – στο κατάλυμα: Δωρεάν', 'Είδη πρώτης ανάγκης', 'Κρεμάστρες', 'Σίδερο', 'Απλώστρα ρούχων', 'Χώρος αποθήκευσης ρούχων: γκαρνταρόμπα και συρταριέρα', 'Τηλεόραση', 'Βρεφική κούνια', 'Κλιματισμός', 'Εσωτερικό τζάκι', 'Θέρμανση', 'Wifi', 'Ειδικός χώρος εργασίας', 'Κουζίνα', 'Ψυγείο', 'Μαγειρικά είδη', 'Πιάτα και μαχαιροπίρουνα', 'Καφετιέρα: κλασική καφετιέρα φίλτρου', 'Καφές', 'Αίθριο ή μπαλκόνι: Ιδιωτική παροχή', 'Ιδιωτική πίσω αυλή – Χωρίς πλήρη περίφραξη', 'Έπιπλα εξωτερικού χώρου', 'Υπαίθρια τραπεζαρία', 'Δωρεάν πάρκινγκ στην ιδιοκτησία', 'Επιτρέπονται κατοικίδια', 'Επιτρέπονται οι διαμονές μεγάλης διάρκειας']",106,1052,35,6
38.1109,20.6545,https://www.airbnb.gr/rooms/590663560336323785?adults=2&check_in=2023-07-20&check_out=2023-07-30&previous_page_section_name=1000,Lorraine 's Apartments near to Lourdas Beach No. 5,3,3,1,0,"['Θέα στον κόλπο', 'Θέα σε αυλή', 'Θέα στον κήπο', 'Θέα στη θάλασσα', 'Πιστολάκι μαλλιών', 'Προϊόντα καθαρισμού', 'Σαμπουάν', 'Αφρόλουτρο/σαπούνι σώματος', 'Ζεστό νερό', 'Αφρόλουτρο', 'Είδη πρώτης ανάγκης', 'Κρεμάστρες', 'Κλινοσκεπάσματα', 'Επιπλέον μαξιλάρια και κουβέρτες', 'Κουρτίνες συσκότισης', 'Σίδερο', 'Απλώστρα ρούχων', 'Χώρος αποθήκευσης ρούχων: γκαρνταρόμπα', 'Σύνδεση ethernet', 'HDTV 32"" με premium καλωδιακή σύνδεση', 'Βρεφική κούνια - διατίθεται κατόπιν αιτήματος', 'Πάρκο/κούνια ταξιδιού - διατίθεται κατόπιν αιτήματος', 'Ανεξάρτητο καρεκλάκι μωρού - διατίθεται κατόπιν αιτήματος', 'Κεντρικός κλιματισμός', 'Κάμερες ασφαλείας στην ιδιοκτησία', 'Πυροσβεστήρας', 'Wifi', 'Ειδικός χώρος εργασίας', 'Κουζίνα', 'Φούρνος μικροκυμάτων', 'Μαγειρικά είδη', 'Πιάτα και μαχαιροπίρουνα', 'Ψυγειάκι', 'Καταψύκτης', 'Κουζίνα', 'Φούρνος', 'Βραστήρας', 'Καφετιέρα: κλασική καφετιέρα φίλτρου', 'Ποτήρια κρασιού', 'Ταψί', 'Καφές', 'Τραπεζαρία', 'Ιδιωτική είσοδος', 'Αίθριο ή μπαλκόνι', 'Κοινόχρηστη πίσω αυλή – Με πλήρη περίφραξη', 'Έπιπλα εξωτερικού χώρου', 'Δωρεάν πάρκινγκ στην ιδιοκτησία', 'Μονώροφο σπίτι', 'Επιτρέπονται κατοικίδια', 'Επιτρέπεται αποθήκευση αποσκευών', 'Επιτρέπονται οι διαμονές μεγάλης διάρκειας', 'Ο οικοδεσπότης σας υποδέχεται', 'Διατίθενται υπηρεσίες καθαρισμού κατά τη διάρκεια της διαμονής']",100,994,53,4
38.2014,20.3887,https://www.airbnb.gr/rooms/22496799?adults=2&check_in=2023-07-20&check_out=2023-07-30&previous_page_section_name=1000,Matina 's Guesthouse,3,4,1,0,"['Θέα σε αυλή', 'Θέα στον κήπο', 'Πιστολάκι μαλλιών', 'Ζεστό νερό', 'Είδη πρώτης ανάγκης', 'Κρεμάστρες', 'Κλινοσκεπάσματα', 'Επιπλέον μαξιλάρια και κουβέρτες', 'Ανιχνευτής καπνού', 'Πυροσβεστήρας', 'Κουτί πρώτων βοηθειών', 'Κουζίνα', 'Ψυγείο', 'Μαγειρικά είδη', 'Πιάτα και μαχαιροπίρουνα', 'Κουζίνα', 'Φούρνος', 'Ιδιωτική είσοδος', 'Αίθριο ή μπαλκόνι', 'Πίσω αυλή', 'Δωρεάν πάρκινγκ στην ιδιοκτησία', 'Επιτρέπονται κατοικίδια', 'Επιτρέπονται οι διαμονές μεγάλης διάρκειας', 'Ο οικοδεσπότης σας υποδέχεται', 'Διατίθενται υπηρεσίες καθαρισμού κατά τη διάρκεια της διαμονής']",95,946,25,2
38.1137,20.6337,https://www.airbnb.gr/rooms/840991137705309273?adults=2&check_in=2023-07-20&check_out=2023-07-30&previous_page_section_name=1000,Angela μερική θέα στη θάλασσα 3,2,2,1,0,"['Θέα στη θάλασσα', 'Θέα στο βουνό', 'Είδη πρώτης ανάγκης', 'Κλινοσκεπάσματα', 'Τηλεόραση', 'Κλιματισμός', 'Wifi', 'Κουζίνα', 'Ψυγείο', 'Πιάτα και μαχαιροπίρουνα', 'Καταψύκτης', 'Κουζίνα', 'Βραστήρας', 'Πρόσβαση σε παραλία', 'Ιδιωτική είσοδος', 'Αίθριο ή μπαλκόνι', 'Δωρεάν πάρκινγκ στον δρόμο']",94,940,17,2
38.44153,20.69739,https://www.airbnb.gr/rooms/18694257?adults=2&check_in=2023-07-20&check_out=2023-07-30&previous_page_section_name=1000,GR-10.Kioni!Στούντιο με εκπληκτική βεράντα &amp; θέα στη θάλασσα,2,2,1,0,"['Θέα στον κόλπο', 'Θέα σε παραλία', 'Θέα σε αυλή', 'Θέα στον κήπο', 'Θέα σε λιμάνι', 'Θέα σε μαρίνα', 'Θέα στο βουνό', 'Θέα στη θάλασσα', 'Πιστολάκι μαλλιών', 'Προϊόντα καθαρισμού', 'Σαμπουάν', 'Ζεστό νερό', 'Είδη πρώτης ανάγκης', 'Κρεμάστρες', 'Κλινοσκεπάσματα', 'Επιπλέον μαξιλάρια και κουβέρτες', 'Τηλεόραση', 'Ανεμιστήρας οροφής', 'Θέρμανση', 'Πυροσβεστήρας', 'Wifi', 'Κουζίνα', 'Ψυγείο', 'Μαγειρικά είδη', 'Πιάτα και μαχαιροπίρουνα', 'Βραστήρας', 'Καφετιέρα', 'Μπροστά στο νερό', 'Πρόσβαση σε παραλία – Μπροστά σε παραλία', 'Ιδιωτική είσοδος', 'Αίθριο ή μπαλκόνι: Κοινόχρηστη παροχή', 'Κοινόχρηστη πίσω αυλή – Χωρίς πλήρη περίφραξη', 'Έπιπλα εξωτερικού χώρου', 'Υπαίθρια τραπεζαρία', 'Δωρεάν πάρκινγκ στον δρόμο', 'Μονώροφο σπίτι', 'Επιτρέπονται οι διαμονές μεγάλης διάρκειας']",94,940,37,8
38.2189,20.6466,https://www.airbnb.gr/rooms/26276088?adults=2&check_in=2023-07-20&check_out=2023-07-30&previous_page_section_name=1000,Στούντιο Lemon Tree,2,3,1,1,"['Θέα στον κήπο', 'Θέα σε αυλή', 'Πιστολάκι μαλλιών', 'Σαμπουάν', 'Ζεστό νερό', 'Αφρόλουτρο', 'Είδη πρώτης ανάγκης', 'Κρεμάστρες', 'Κλινοσκεπάσματα', 'Επιπλέον μαξιλάρια και κουβέρτες', 'Χώρος αποθήκευσης ρούχων: γκαρνταρόμπα και συρταριέρα', 'HDTV 32"" με Netflix', 'Κλιματιστικό με δύο μονάδες χωρίς αεραγωγό', 'Κουτί πρώτων βοηθειών', 'Wifi', 'Κουζίνα', 'Ψυγείο', 'Μαγειρικά είδη', 'Πιάτα και μαχαιροπίρουνα', 'Κουζίνα', 'Φούρνος', 'Ιδιωτική είσοδος', 'Πίσω αυλή', 'Δωρεάν πάρκινγκ στην ιδιοκτησία', 'Επιτρέπεται αποθήκευση αποσκευών', 'Επιτρέπεται το κάπνισμα', 'Ο οικοδεσπότης σας υποδέχεται']",89,881,27,2
38.53464,21.08022,https://www.airbnb.gr/rooms/25899216?adults=2&check_in=2023-07-20&check_out=2023-07-30&previous_page_section_name=1000,"Οικογενειακό διαμέρισμα, Yard&amp;Garden ❤ στην πόλη",3,5,1,2,"['Θέα σε αυλή', 'Θέα στον κήπο', 'Πιστολάκι μαλλιών', 'Προϊόντα καθαρισμού', 'Σαμπουάν', 'Αφρόλουτρο/σαπούνι σώματος', 'Ζεστό νερό', 'Αφρόλουτρο', 'Πλυντήριο ρούχων – στο κτίριο: Με χρέωση', 'Είδη πρώτης ανάγκης', 'Κρεμάστρες', 'Κλινοσκεπάσματα', 'Επιπλέον μαξιλάρια και κουβέρτες', 'Σίδερο', 'Απλώστρα ρούχων', 'Χώρος αποθήκευσης ρούχων', 'Τηλεόραση', 'Βιβλία και αναγνωστικό υλικό', 'Πάρκο/κούνια ταξιδιού - διατίθεται κατόπιν αιτήματος', 'Παιδικά βιβλία και παιχνίδια για ηλικίες 10 ετών και άνω', 'Καρεκλάκι μωρού με παιδικό κάθισμα - διατίθεται κατόπιν αιτήματος', 'Συστάσεις για νταντά', 'Κλιματιστικό με δύο μονάδες χωρίς αεραγωγό', 'Φορητοί ανεμιστήρες', 'Θέρμανση - Κλιματιστικό με δύο μονάδες χωρίς αεραγωγό', 'Πυροσβεστήρας', 'Wifi', 'Κουζίνα', 'Ψυγείο', 'Μαγειρικά είδη', 'Πιάτα και μαχαιροπίρουνα', 'Κουζίνα', 'Φούρνος', 'Ποτήρια κρασιού', 'Ταψί', 'Ιδιωτική είσοδος', 'Αίθριο ή μπαλκόνι: Κοινόχρηστη παροχή', 'Κοινόχρηστη πίσω αυλή – Με πλήρη περίφραξη', 'Αιώρα', 'Δωρεάν πάρκινγκ στον δρόμο', 'Επιτρέπονται κατοικίδια', 'Επιτρέπεται αποθήκευση αποσκευών', 'Επιτρέπεται το κάπνισμα', 'Επιτρέπονται οι διαμονές μεγάλης διάρκειας', 'Ο οικοδεσπότης σας υποδέχεται']",89,881,45,2
38.2301,20.4738,https://www.airbnb.gr/rooms/25532862?adults=2&check_in=2023-07-20&check_out=2023-07-30&previous_page_section_name=1000,Διαμέρισμα Farsa Kefalonia-Chariclias με θέα στη θάλασσαHouse,3,4,1,1,"['Θέα στον κόλπο', 'Θέα στη θάλασσα', 'Θέα στον κήπο', 'Ζεστό νερό', 'Πλυντήριο ρούχων – στο κατάλυμα: Δωρεάν', 'Είδη πρώτης ανάγκης', 'Κρεμάστρες', 'Κλινοσκεπάσματα', 'Σίδερο', 'Απλώστρα ρούχων', 'Κουνουπιέρα', 'Χώρος αποθήκευσης ρούχων: γκαρνταρόμπα', 'Καλύμματα για πρίζες', 'Κεντρικός κλιματισμός', 'Ανεμιστήρας οροφής', 'Φορητό θερμαντικό σώμα', 'Wifi', 'Ειδικός χώρος εργασίας', 'Κουζίνα', 'Ψυγείο', 'Μαγειρικά είδη', 'Πιάτα και μαχαιροπίρουνα', 'Καταψύκτης', 'Ηλεκτρική εστία', 'Φούρνος από ανοξείδωτο ατσάλι', 'Ταψί', 'Τραπεζαρία', 'Μπροστά στο νερό', 'Πρόσβαση σε παραλία – Μπροστά σε παραλία', 'Ιδιωτική είσοδος', 'Αίθριο ή μπαλκόνι: Ιδιωτική παροχή', 'Πίσω αυλή – Με πλήρη περίφραξη', 'Δωρεάν πάρκινγκ στην ιδιοκτησία – 1 θέση', 'Επιτρέπεται αποθήκευση αποσκευών', 'Επιτρέπεται το κάπνισμα', 'Επιτρέπονται οι διαμονές μεγάλης διάρκειας']",89,881,36,3
38.1237,20.5394,https://www.airbnb.gr/rooms/19394648?adults=2&check_in=2023-07-20&check_out=2023-07-30&previous_page_section_name=1000,"Στούντιο Kộli στο ισόγειο της Κεφαλονιάς, χώρος στάθμευσης σε πισίνα",2,3,1,0,"['Θέα στον κήπο', 'Θέα στο βουνό', 'Θέα σε πισίνα', 'Θέα σε αμπελώνες', 'Πιστολάκι μαλλιών', 'Προϊόντα καθαρισμού', 'Σαμπουάν', 'Μαλακτικό', 'Ντους εξωτερικού χώρου', 'Ζεστό νερό', 'Αφρόλουτρο', 'Πλυντήριο ρούχων – στο κτίριο: Δωρεάν', 'Είδη πρώτης ανάγκης', 'Κρεμάστρες', 'Κλινοσκεπάσματα', 'Επιπλέον μαξιλάρια και κουβέρτες', 'Κουρτίνες συσκότισης', 'Σίδερο', 'Απλώστρα ρούχων', 'Χώρος αποθήκευσης ρούχων: γκαρνταρόμπα', 'HDTV 32""', 'Βρεφική κούνια', 'Πάρκο/κούνια ταξιδιού', 'Παιδικά βιβλία και παιχνίδια', 'Καρεκλάκι μωρού', 'Κλιματισμός', 'Ανεμιστήρας οροφής', 'Φορητοί ανεμιστήρες', 'Θέρμανση', 'Ανιχνευτής καπνού', 'Ανιχνευτής μονοξειδίου του άνθρακα', 'Πυροσβεστήρας', 'Κουτί πρώτων βοηθειών', 'Wifi', 'Ειδικός χώρος εργασίας', 'Κουζίνα', 'Ψυγείο', 'Φούρνος μικροκυμάτων', 'Μαγειρικά είδη', 'Πιάτα και μαχαιροπίρουνα', 'Ψυγειάκι', 'Ηλεκτρική εστία', 'Μονός φούρνος', 'Βραστήρας', 'Καφετιέρα: κλασική καφετιέρα φίλτρου, μηχανή για εσπρέσο', 'Ποτήρια κρασιού', 'Φρυγανιέρα', 'Ταψί', 'Μίξερ', 'Μαγειρικά σκεύη για μπάρμπεκιου', 'Τραπεζαρία', 'Ιδιωτική είσοδος', 'Αίθριο ή μπαλκόνι: Ιδιωτική παροχή', 'Ιδιωτική πίσω αυλή – Με πλήρη περίφραξη', 'Έπιπλα εξωτερικού χώρου', 'Υπαίθρια τραπεζαρία', 'Ψησταριά μπάρμπεκιου', 'Ποδήλατα', 'Δωρεάν πάρκινγκ στην ιδιοκτησία', 'Πισίνα: κοινόχρηστη παροχή σε εξωτερικό χώρο', 'Επιτρέπεται αποθήκευση αποσκευών', 'Επιτρέπεται το κάπνισμα', 'Check-in χωρίς παρουσία οικοδεσπότη', 'Προσωπικό κτηρίου', 'Ο οικοδεσπότης σας υποδέχεται']",83,823,65,4
38.4655,20.5489,https://www.airbnb.gr/rooms/15130834?adults=2&check_in=2023-07-20&check_out=2023-07-30&previous_page_section_name=1000,Γραφικό παραδοσιακό εξοχικό σπίτι του 17ου αιώνα,4,6,1,2,"['Θέα στον κόλπο', 'Θέα στον κήπο', 'Θέα σε ωκεανό', 'Μπανιέρα', 'Πιστολάκι μαλλιών', 'Σαμπουάν', 'Ζεστό νερό', 'Πλυντήριο ρούχων – στο κτίριο: Δωρεάν', 'Είδη πρώτης ανάγκης', 'Κρεμάστρες', 'Κλινοσκεπάσματα', 'Επιπλέον μαξιλάρια και κουβέρτες', 'Σίδερο', 'HDTV με Κλασική καλωδιακή τηλεόραση', 'Κλιματιστικό με δύο μονάδες χωρίς αεραγωγό', 'Θέρμανση', 'Ανιχνευτής καπνού', 'Ανιχνευτής μονοξειδίου του άνθρακα', 'Πυροσβεστήρας', 'Wifi', 'Κουζίνα', 'Ψυγείο', 'Φούρνος μικροκυμάτων', 'Μαγειρικά είδη', 'Πιάτα και μαχαιροπίρουνα', 'Καταψύκτης', 'Κουζίνα', 'Φούρνος', 'Καφετιέρα', 'Ταψί', 'Ιδιωτική είσοδος', 'Αίθριο ή μπαλκόνι: Ιδιωτική παροχή', 'Ιδιωτική πίσω αυλή – Με πλήρη περίφραξη', 'Δωρεάν πάρκινγκ στην ιδιοκτησία', 'Μονώροφο σπίτι', 'Επιτρέπονται κατοικίδια', 'Επιτρέπεται αποθήκευση αποσκευών', 'Επιτρέπονται οι διαμονές μεγάλης διάρκειας', 'Check-in χωρίς παρουσία οικοδεσπότη', 'Κουτί φύλαξης κλειδιών']",83,823,40,3
38.1137,20.6337,https://www.airbnb.gr/rooms/840991137705309273?adults=2&check_in=2023-07-20&check_out=2023-07-30&previous_page_section_name=1000,Angela μερική θέα στη θάλασσα 3,2,2,1,0,"['Θέα στη θάλασσα', 'Θέα στο βουνό', 'Είδη πρώτης ανάγκης', 'Κλινοσκεπάσματα', 'Τηλεόραση', 'Κλιματισμός', 'Wifi', 'Κουζίνα', 'Ψυγείο', 'Πιάτα και μαχαιροπίρουνα', 'Καταψύκτης', 'Κουζίνα', 'Βραστήρας', 'Πρόσβαση σε παραλία', 'Ιδιωτική είσοδος', 'Αίθριο ή μπαλκόνι', 'Δωρεάν πάρκινγκ στον δρόμο']",83,823,17,2
38.1024,20.5705,https://www.airbnb.gr/rooms/6819916?adults=2&check_in=2023-07-20&check_out=2023-07-30&previous_page_section_name=1000,Polymnia Studio - 200m from beach,2,2,1,1,"['Θέα σε αυλή', 'Θέα στον κήπο', 'Πιστολάκι μαλλιών', 'Προϊόντα καθαρισμού', 'Ντους εξωτερικού χώρου', 'Ζεστό νερό', 'Πλυντήριο ρούχων', 'Είδη πρώτης ανάγκης', 'Κρεμάστρες', 'Κλινοσκεπάσματα', 'Επιπλέον μαξιλάρια και κουβέρτες', 'Κουρτίνες συσκότισης', 'Σίδερο', 'Απλώστρα ρούχων', 'Θησαυροφυλάκιο', 'Χώρος αποθήκευσης ρούχων: γκαρνταρόμπα και συρταριέρα', 'HDTV', 'Βρεφική κούνια', 'Πάρκο/κούνια ταξιδιού', 'Καρεκλάκι μωρού', 'Κλιματιστικό παραθύρου', 'Θέρμανση', 'Πυροσβεστήρας', 'Κουτί πρώτων βοηθειών', 'Wifi', 'Ειδικός χώρος εργασίας', 'Κουζίνα', 'Ψυγείο', 'Μαγειρικά είδη', 'Πιάτα και μαχαιροπίρουνα', 'Ηλεκτρική εστία', 'Φούρνος', 'Βραστήρας', 'Καφετιέρα', 'Ποτήρια κρασιού', 'Ταψί', 'Μαγειρικά σκεύη για μπάρμπεκιου', 'Τραπεζαρία', 'Πρόσβαση σε παραλία', 'Ιδιωτική είσοδος', 'Αίθριο ή μπαλκόνι', 'Κοινόχρηστη πίσω αυλή – Με πλήρη περίφραξη', 'Έπιπλα εξωτερικού χώρου', 'Υπαίθρια τραπεζαρία', 'Ψησταριά μπάρμπεκιου', 'Δωρεάν πάρκινγκ στην ιδιοκτησία', 'Επιτρέπονται κατοικίδια', 'Επιτρέπεται αποθήκευση αποσκευών', 'Check-in χωρίς παρουσία οικοδεσπότη', 'Προσωπικό κτηρίου']",82,811,50,2
38.2278,20.5122,https://www.airbnb.gr/rooms/31258855?adults=2&check_in=2023-07-20&check_out=2023-07-30&previous_page_section_name=1000,Άνετο Οικογενειακό Διαμέρισμα Δήμητρας,4,5,1,2,"['Θέα στο βουνό', 'Θέα στη θάλασσα', 'Μπανιέρα', 'Πιστολάκι μαλλιών', 'Προϊόντα καθαρισμού', 'Αφρόλουτρο/σαπούνι σώματος', 'Ζεστό νερό', 'Πλυντήριο ρούχων – στο κατάλυμα: Δωρεάν', 'Είδη πρώτης ανάγκης', 'Κρεμάστρες', 'Κλινοσκεπάσματα', 'Επιπλέον μαξιλάρια και κουβέρτες', 'Κουρτίνες συσκότισης', 'Σίδερο', 'Απλώστρα ρούχων', 'Χώρος αποθήκευσης ρούχων: γκαρνταρόμπα', 'Τηλεόραση', 'Καλύμματα για πρίζες', 'Κλιματισμός', 'Θέρμανση', 'Πυροσβεστήρας', 'Wifi', 'Κουζίνα', 'Ψυγείο', 'Φούρνος μικροκυμάτων', 'Μαγειρικά είδη', 'Πιάτα και μαχαιροπίρουνα', 'Κουζίνα', 'Φούρνος', 'Βραστήρας', 'Ταψί', 'Τραπεζαρία', 'Ιδιωτική είσοδος', 'Αίθριο ή μπαλκόνι', 'Δωρεάν πάρκινγκ στον δρόμο', 'Ο οικοδεσπότης σας υποδέχεται']",80,799,36,2
38.3025,20.595,https://www.airbnb.gr/rooms/8776389?adults=2&check_in=2023-07-20&check_out=2023-07-30&previous_page_section_name=1000,𝐀𝐥𝐞𝐱𝐚𝐭𝐨𝐬 Studios❤️Traditional &amp; On Budget,2,2,5,1,"['Θέα στον ορίζοντα της πόλης', 'Θέα σε αυλή', 'Θέα στον κήπο', 'Θέα σε πάρκο', 'Θέα σε κοιλάδα', 'Πιστολάκι μαλλιών', 'Σαμπουάν', 'Ζεστό νερό', 'Αφρόλουτρο', 'Πλυντήριο ρούχων', 'Στεγνωτήριο', 'Είδη πρώτης ανάγκης', 'Κρεμάστρες', 'Κλινοσκεπάσματα', 'Επιπλέον μαξιλάρια και κουβέρτες', 'Σίδερο', 'HDTV 32""', 'Βρεφική κούνια', 'Πάρκο/κούνια ταξιδιού', 'Καρεκλάκι μωρού', 'Κλιματιστικό με δύο μονάδες χωρίς αεραγωγό', 'Θέρμανση', 'Πυροσβεστήρας', 'Κλειδαριά στην πόρτα του υπνοδωματίου', 'Κουτί πρώτων βοηθειών', 'Wifi', 'Κουζίνα', 'Ψυγείο', 'Φούρνος μικροκυμάτων', 'Μαγειρικά είδη', 'Πιάτα και μαχαιροπίρουνα', 'Ηλεκτρική εστία από ανοξείδωτο ατσάλι', 'Φούρνος', 'Καφετιέρα', 'Πρόσβαση σε παραλία – Μπροστά σε παραλία', 'Αίθριο ή μπαλκόνι: Ιδιωτική παροχή', 'Πίσω αυλή', 'Έπιπλα εξωτερικού χώρου', 'Υπαίθρια τραπεζαρία', 'Είδη παραλίας', 'Δωρεάν πάρκινγκ στην ιδιοκτησία', 'Δωρεάν πάρκινγκ στον δρόμο', 'Ιδιωτικό σαλόνι', 'Επιτρέπονται κατοικίδια', 'Επιτρέπεται αποθήκευση αποσκευών', 'Επιτρέπεται το κάπνισμα', 'Επιτρέπονται οι διαμονές μεγάλης διάρκειας', 'Check-in χωρίς παρουσία οικοδεσπότη', 'Προσωπικό κτηρίου']",80,793,49,5
38.1101,20.5606,https://www.airbnb.gr/rooms/10031317?adults=2&check_in=2023-07-20&check_out=2023-07-30&previous_page_section_name=1000,Διαμερίσματα Φίλιππος (Διαμέρισμα 2),2,2,1,1,"['Θέα σε ωκεανό', 'Θέα στον κήπο', 'Πιστολάκι μαλλιών', 'Σαμπουάν', 'Αφρόλουτρο/σαπούνι σώματος', 'Ζεστό νερό', 'Αφρόλουτρο', 'Πλυντήριο ρούχων', 'Είδη πρώτης ανάγκης', 'Κρεμάστρες', 'Κλινοσκεπάσματα', 'Επιπλέον μαξιλάρια και κουβέρτες', 'Απλώστρα ρούχων', 'Χώρος αποθήκευσης ρούχων: γκαρνταρόμπα', 'Σύνδεση ethernet', 'Βιβλία και αναγνωστικό υλικό', 'Κλιματισμός', 'Κάμερες ασφαλείας στην ιδιοκτησία', 'Κλειδαριά στην πόρτα του υπνοδωματίου', 'Wifi', 'Κουζίνα', 'Ψυγείο', 'Φούρνος μικροκυμάτων', 'Μαγειρικά είδη', 'Πιάτα και μαχαιροπίρουνα', 'Καταψύκτης', 'Κουζίνα', 'Φούρνος', 'Βραστήρας', 'Καφετιέρα', 'Φρυγανιέρα', 'Ταψί', 'Μαγειρικά σκεύη για μπάρμπεκιου', 'Καφές', 'Τραπεζαρία', 'Ιδιωτική είσοδος', 'Αίθριο ή μπαλκόνι: Ιδιωτική παροχή', 'Δωρεάν πάρκινγκ στην ιδιοκτησία', 'Δωρεάν πάρκινγκ στον δρόμο', 'Ιδιωτικό σαλόνι', 'Επιτρέπονται κατοικίδια', 'Επιτρέπεται αποθήκευση αποσκευών', 'Επιτρέπονται οι διαμονές μεγάλης διάρκειας', 'Check-in χωρίς παρουσία οικοδεσπότη', 'Κλειδαριά με πληκτρολόγιο']",80,793,45,2
38.16652,20.57661,https://www.airbnb.gr/rooms/49072789?adults=2&check_in=2023-07-20&check_out=2023-07-30&previous_page_section_name=1000,San Gerasimo (Amazing View),2,3,1,0,"['Θέα στο βουνό', 'Θέα σε κοιλάδα', 'Θέα σε αμπελώνες', 'Θέα στον ορίζοντα της πόλης', 'Προϊόντα καθαρισμού', 'Σαμπουάν', 'Μαλακτικό', 'Αφρόλουτρο/σαπούνι σώματος', 'Ντους εξωτερικού χώρου', 'Ζεστό νερό', 'Αφρόλουτρο', 'Είδη πρώτης ανάγκης', 'Κρεμάστρες', 'Κλινοσκεπάσματα', 'Επιπλέον μαξιλάρια και κουβέρτες', 'Κουρτίνες συσκότισης', 'Απλώστρα ρούχων', 'Χώρος αποθήκευσης ρούχων', 'HDTV', 'Ηχοσύστημα', 'Ανεμιστήρας οροφής', 'Φορητοί ανεμιστήρες', 'Ανιχνευτής καπνού', 'Κουτί πρώτων βοηθειών', 'Wifi', 'Κουζίνα', 'Μαγειρικά είδη', 'Πιάτα και μαχαιροπίρουνα', 'Ψυγειάκι', 'Κουζίνα', 'Φούρνος', 'Ποτήρια κρασιού', 'Ταψί', 'Μαγειρικά σκεύη για μπάρμπεκιου', 'Καφές', 'Αίθριο ή μπαλκόνι', 'Πίσω αυλή', 'Ψησταριά μπάρμπεκιου', 'Δωρεάν πάρκινγκ στην ιδιοκτησία', 'Δωρεάν πάρκινγκ στον δρόμο', 'Επιτρέπονται κατοικίδια', 'Επιτρέπεται το κάπνισμα', 'Επιτρέπονται οι διαμονές μεγάλης διάρκειας']",80,791,43,4
38.53464,21.08022,https://www.airbnb.gr/rooms/25899216?adults=2&check_in=2023-07-20&check_out=2023-07-30&previous_page_section_name=1000,"Οικογενειακό διαμέρισμα, Yard&amp;Garden ❤ στην πόλη",3,5,1,2,"['Θέα σε αυλή', 'Θέα στον κήπο', 'Πιστολάκι μαλλιών', 'Προϊόντα καθαρισμού', 'Σαμπουάν', 'Αφρόλουτρο/σαπούνι σώματος', 'Ζεστό νερό', 'Αφρόλουτρο', 'Πλυντήριο ρούχων – στο κτίριο: Με χρέωση', 'Είδη πρώτης ανάγκης', 'Κρεμάστρες', 'Κλινοσκεπάσματα', 'Επιπλέον μαξιλάρια και κουβέρτες', 'Σίδερο', 'Απλώστρα ρούχων', 'Χώρος αποθήκευσης ρούχων', 'Τηλεόραση', 'Βιβλία και αναγνωστικό υλικό', 'Πάρκο/κούνια ταξιδιού - διατίθεται κατόπιν αιτήματος', 'Παιδικά βιβλία και παιχνίδια για ηλικίες 10 ετών και άνω', 'Καρεκλάκι μωρού με παιδικό κάθισμα - διατίθεται κατόπιν αιτήματος', 'Συστάσεις για νταντά', 'Κλιματιστικό με δύο μονάδες χωρίς αεραγωγό', 'Φορητοί ανεμιστήρες', 'Θέρμανση - Κλιματιστικό με δύο μονάδες χωρίς αεραγωγό', 'Πυροσβεστήρας', 'Wifi', 'Κουζίνα', 'Ψυγείο', 'Μαγειρικά είδη', 'Πιάτα και μαχαιροπίρουνα', 'Κουζίνα', 'Φούρνος', 'Ποτήρια κρασιού', 'Ταψί', 'Ιδιωτική είσοδος', 'Αίθριο ή μπαλκόνι: Κοινόχρηστη παροχή', 'Κοινόχρηστη πίσω αυλή – Με πλήρη περίφραξη', 'Αιώρα', 'Δωρεάν πάρκινγκ στον δρόμο', 'Επιτρέπονται κατοικίδια', 'Επιτρέπεται αποθήκευση αποσκευών', 'Επιτρέπεται το κάπνισμα', 'Επιτρέπονται οι διαμονές μεγάλης διάρκειας', 'Ο οικοδεσπότης σας υποδέχεται']",79,789,45,2
38.33007,20.54816,https://www.airbnb.gr/rooms/17690283?adults=2&check_in=2023-07-20&check_out=2023-07-30&previous_page_section_name=1000,ΔΙΒΑΡΗΣ ΧΑΡΑΛΑΜΠΟΣ 4,2,2,1,1,"['Θέα σε αυλή', 'Θέα στο βουνό', 'Ζεστό νερό', 'Είδη πρώτης ανάγκης', 'Κρεμάστρες', 'Τηλεόραση 19"": Κλασική καλωδιακή τηλεόραση', 'Ανεμιστήρας οροφής', 'Πυροσβεστήρας', 'Κλειδαριά στην πόρτα του υπνοδωματίου', 'Wifi', 'Κουζίνα', 'Μαγειρικά είδη', 'Πιάτα και μαχαιροπίρουνα', 'Ψυγειάκι', 'Κουζίνα', 'Βραστήρας', 'Καφετιέρα', 'Πρόσβαση σε παραλία', 'Ιδιωτική είσοδος', 'Πρόσβαση σε θέρετρο', 'Αίθριο ή μπαλκόνι: Ιδιωτική παροχή', 'Κοινόχρηστη πίσω αυλή – Χωρίς πλήρη περίφραξη', 'Δωρεάν πάρκινγκ στην ιδιοκτησία', 'Επιτρέπονται κατοικίδια', 'Επιτρέπεται αποθήκευση αποσκευών', 'Επιτρέπεται το κάπνισμα', 'Επιτρέπονται οι διαμονές μεγάλης διάρκειας', 'Ο οικοδεσπότης σας υποδέχεται']",76,757,28,2
38.1138,20.6348,https://www.airbnb.gr/rooms/633096559786748784?adults=2&check_in=2023-07-20&check_out=2023-07-30&previous_page_section_name=1000,Στούντιο παραλίας Lourdas Waterside,2,3,1,0,"['Θέα σε αυλή', 'Θέα στον κήπο', 'Θέα στο βουνό', 'Θέα σε πισίνα', 'Θέα στη θάλασσα', 'Ζεστό νερό', 'Είδη πρώτης ανάγκης', 'Κρεμάστρες', 'Κλινοσκεπάσματα', 'Επιπλέον μαξιλάρια και κουβέρτες', 'Σίδερο', 'Τηλεόραση', 'Βρεφική κούνια', 'Καρεκλάκι μωρού', 'Κλιματισμός', 'Θέρμανση', 'Πυροσβεστήρας', 'Κουτί πρώτων βοηθειών', 'Wifi', 'Ειδικός χώρος εργασίας', 'Κουζίνα', 'Ψυγείο', 'Πιάτα και μαχαιροπίρουνα', 'Ηλεκτρική εστία', 'Βραστήρας', 'Τραπεζαρία', 'Πρόσβαση σε παραλία', 'Πρόσβαση σε θέρετρο', 'Αίθριο ή μπαλκόνι: Ιδιωτική παροχή', 'Πίσω αυλή', 'Έπιπλα εξωτερικού χώρου', 'Υπαίθρια τραπεζαρία', 'Δωρεάν πάρκινγκ στην ιδιοκτησία', 'Πισίνα: κοινόχρηστη παροχή', 'Επιτρέπεται αποθήκευση αποσκευών', 'Επιτρέπονται οι διαμονές μεγάλης διάρκειας']",76,752,36,5
38.2189,20.6466,https://www.airbnb.gr/rooms/26276088?adults=2&check_in=2023-07-20&check_out=2023-07-30&previous_page_section_name=1000,Στούντιο Lemon Tree,2,3,1,1,"['Θέα στον κήπο', 'Θέα σε αυλή', 'Πιστολάκι μαλλιών', 'Σαμπουάν', 'Ζεστό νερό', 'Αφρόλουτρο', 'Είδη πρώτης ανάγκης', 'Κρεμάστρες', 'Κλινοσκεπάσματα', 'Επιπλέον μαξιλάρια και κουβέρτες', 'Χώρος αποθήκευσης ρούχων: γκαρνταρόμπα και συρταριέρα', 'HDTV 32"" με Netflix', 'Κλιματιστικό με δύο μονάδες χωρίς αεραγωγό', 'Κουτί πρώτων βοηθειών', 'Wifi', 'Κουζίνα', 'Ψυγείο', 'Μαγειρικά είδη', 'Πιάτα και μαχαιροπίρουνα', 'Κουζίνα', 'Φούρνος', 'Ιδιωτική είσοδος', 'Πίσω αυλή', 'Δωρεάν πάρκινγκ στην ιδιοκτησία', 'Επιτρέπεται αποθήκευση αποσκευών', 'Επιτρέπεται το κάπνισμα', 'Ο οικοδεσπότης σας υποδέχεται']",76,752,27,2
38.1207,20.5182,https://www.airbnb.gr/rooms/36890597?adults=2&check_in=2023-07-20&check_out=2023-07-30&previous_page_section_name=1000,Στούντιο της Joya,3,2,1,1,"['Θέα σε αυλή', 'Θέα στο βουνό', 'Θέα στη θάλασσα', 'Θέα σε αμπελώνες', 'Σαμπουάν', 'Μαλακτικό', 'Αφρόλουτρο/σαπούνι σώματος', 'Ζεστό νερό', 'Αφρόλουτρο', 'Πλυντήριο ρούχων – στο κατάλυμα: Δωρεάν', 'Είδη πρώτης ανάγκης', 'Κρεμάστρες', 'Κλινοσκεπάσματα', 'Κουρτίνες συσκότισης', 'Απλώστρα ρούχων', 'Τηλεόραση', 'Κλιματισμός', 'Wifi', 'Ειδικός χώρος εργασίας', 'Κουζίνα', 'Ψυγείο', 'Μαγειρικά είδη', 'Πιάτα και μαχαιροπίρουνα', 'Κουζίνα', 'Βραστήρας', 'Καφετιέρα', 'Φρυγανιέρα', 'Καφές', 'Ιδιωτική είσοδος', 'Αίθριο ή μπαλκόνι: Ιδιωτική παροχή', 'Πίσω αυλή', 'Δωρεάν πάρκινγκ στην ιδιοκτησία', 'Δωρεάν πάρκινγκ στον δρόμο', 'Επιτρέπεται αποθήκευση αποσκευών', 'Επιτρέπονται οι διαμονές μεγάλης διάρκειας', 'Ο οικοδεσπότης σας υποδέχεται']",73,729,36,4
38.1194,20.6304,https://www.airbnb.gr/rooms/26053801?adults=2&check_in=2023-07-20&check_out=2023-07-30&previous_page_section_name=1000,Λουρδάς Studio Marinos με υπέροχη θέα,2,2,1,0,"['Θέα στον κόλπο', 'Θέα στο βουνό', 'Θέα στη θάλασσα', 'Πιστολάκι μαλλιών', 'Προϊόντα καθαρισμού', 'Σαμπουάν', 'Ζεστό νερό', 'Αφρόλουτρο', 'Είδη πρώτης ανάγκης', 'Κρεμάστρες', 'Κλινοσκεπάσματα', 'Επιπλέον μαξιλάρια και κουβέρτες', 'Κουρτίνες συσκότισης', 'Σίδερο', 'Απλώστρα ρούχων', 'Χώρος αποθήκευσης ρούχων: γκαρνταρόμπα', 'HDTV 32""', 'Κεντρικός κλιματισμός', 'Πυροσβεστήρας', 'Κουτί πρώτων βοηθειών', 'Wifi', 'Ψυγείο', 'Μαγειρικά είδη', 'Πιάτα και μαχαιροπίρουνα', 'Επαγωγική εστία', 'Βραστήρας', 'Καφετιέρα: κλασική καφετιέρα φίλτρου', 'Ποτήρια κρασιού', 'Φρυγανιέρα', 'Καφές', 'Τραπεζαρία', 'Ιδιωτική είσοδος', 'Αίθριο ή μπαλκόνι: Ιδιωτική παροχή', 'Κοινόχρηστη πίσω αυλή – Χωρίς πλήρη περίφραξη', 'Έπιπλα εξωτερικού χώρου', 'Υπαίθρια τραπεζαρία', 'Δωρεάν πάρκινγκ στον δρόμο', 'Επιτρέπονται κατοικίδια', 'Επιτρέπεται αποθήκευση αποσκευών', 'Επιτρέπονται οι διαμονές μεγάλης διάρκειας', 'Ο οικοδεσπότης σας υποδέχεται']",73,723,41,3
38.13146,20.54971,https://www.airbnb.gr/rooms/19050186?adults=2&check_in=2023-07-20&check_out=2023-07-30&previous_page_section_name=1000,Στούντιο για κεράσια,2,3,1,1,"['Θέα σε αυλή', 'Θέα στον κήπο', 'Πιστολάκι μαλλιών', 'Σαμπουάν', 'Ζεστό νερό', 'Πλυντήριο ρούχων – στο κατάλυμα: Δωρεάν', 'Είδη πρώτης ανάγκης', 'Κρεμάστρες', 'Κλινοσκεπάσματα', 'Επιπλέον μαξιλάρια και κουβέρτες', 'Σίδερο', 'Κεντρικός κλιματισμός', 'Θέρμανση', 'Κουτί πρώτων βοηθειών', 'Wifi', 'Κουζίνα', 'Ψυγείο', 'Μαγειρικά είδη', 'Πιάτα και μαχαιροπίρουνα', 'Φούρνος', 'Καφετιέρα', 'Ιδιωτική είσοδος', 'Αίθριο ή μπαλκόνι: Ιδιωτική παροχή', 'Ιδιωτική πίσω αυλή – Με πλήρη περίφραξη', 'Έπιπλα εξωτερικού χώρου', 'Δωρεάν πάρκινγκ στην ιδιοκτησία', 'Μονώροφο σπίτι', 'Επιτρέπεται αποθήκευση αποσκευών', 'Επιτρέπονται οι διαμονές μεγάλης διάρκειας', 'Check-in χωρίς παρουσία οικοδεσπότη', 'Ηλεκτρονική κλειδαριά']",72,717,31,2
38.1134,20.6352,https://www.airbnb.gr/rooms/636699966405693758?adults=2&check_in=2023-07-20&check_out=2023-07-30&previous_page_section_name=1000,Στούντιο παραλίας Lourdas με πισίνα. Κεφαλονιά Ελλάδα,2,3,1,0,"['Θέα σε αυλή', 'Θέα στον κήπο', 'Θέα στο βουνό', 'Θέα σε πισίνα', 'Θέα στη θάλασσα', 'Ζεστό νερό', 'Είδη πρώτης ανάγκης', 'Κρεμάστρες', 'Κλινοσκεπάσματα', 'Επιπλέον μαξιλάρια και κουβέρτες', 'Σίδερο', 'Χώρος αποθήκευσης ρούχων', 'Τηλεόραση', 'Βρεφική κούνια', 'Καρεκλάκι μωρού', 'Κλιματισμός', 'Θέρμανση', 'Πυροσβεστήρας', 'Κουτί πρώτων βοηθειών', 'Wifi', 'Ειδικός χώρος εργασίας', 'Κουζίνα', 'Ψυγείο', 'Πιάτα και μαχαιροπίρουνα', 'Ηλεκτρική εστία', 'Βραστήρας', 'Τραπεζαρία', 'Πρόσβαση σε παραλία', 'Πρόσβαση σε θέρετρο', 'Αίθριο ή μπαλκόνι: Ιδιωτική παροχή', 'Κοινόχρηστη πίσω αυλή – Χωρίς πλήρη περίφραξη', 'Έπιπλα εξωτερικού χώρου', 'Υπαίθρια τραπεζαρία', 'Δωρεάν πάρκινγκ στην ιδιοκτησία', 'Πισίνα: κοινόχρηστη παροχή', 'Επιτρέπεται αποθήκευση αποσκευών', 'Επιτρέπονται οι διαμονές μεγάλης διάρκειας']",68,678,37,5
38.33194,20.54908,https://www.airbnb.gr/rooms/14224919?adults=2&check_in=2023-07-20&check_out=2023-07-30&previous_page_section_name=1000,ΔΙΒΑΡΗΣ ΧΑΡΑΛΜΠΟΣ 7,2,2,1,1,"['Θέα σε αυλή', 'Θέα στο βουνό', 'Ζεστό νερό', 'Είδη πρώτης ανάγκης', 'Κρεμάστρες', 'Απλώστρα ρούχων', 'Τηλεόραση 19"": Κλασική καλωδιακή τηλεόραση', 'Ανεμιστήρας οροφής', 'Πυροσβεστήρας', 'Κλειδαριά στην πόρτα του υπνοδωματίου', 'Wifi', 'Κουζίνα', 'Μαγειρικά είδη', 'Πιάτα και μαχαιροπίρουνα', 'Ψυγειάκι', 'Βραστήρας', 'Καφετιέρα', 'Πρόσβαση σε παραλία', 'Ιδιωτική είσοδος', 'Πρόσβαση σε θέρετρο', 'Αίθριο ή μπαλκόνι: Ιδιωτική παροχή', 'Κοινόχρηστη πίσω αυλή – Χωρίς πλήρη περίφραξη', 'Έπιπλα εξωτερικού χώρου', 'Δωρεάν πάρκινγκ στην ιδιοκτησία', 'Επιτρέπονται κατοικίδια', 'Επιτρέπεται αποθήκευση αποσκευών', 'Επιτρέπεται το κάπνισμα', 'Επιτρέπονται οι διαμονές μεγάλης διάρκειας', 'Ο οικοδεσπότης σας υποδέχεται']",67,670,29,2
38.22242,20.61837,https://www.airbnb.gr/rooms/25988883?adults=2&check_in=2023-07-20&check_out=2023-07-30&previous_page_section_name=1000,"<meta content='Βίλλα ""Moment"" Σάμη-Χαλιωτάτα' itemprop=""name""/>",3,2,1,1,"['Θέα στον κόλπο', 'Θέα σε παραλία', 'Θέα στον ορίζοντα της πόλης', 'Θέα σε αυλή', 'Θέα στον κήπο', 'Θέα σε λιμάνι', 'Θέα σε μαρίνα', 'Θέα στο βουνό', 'Θέα σε ωκεανό', 'Θέα στη θάλασσα', 'Θέα σε κοιλάδα', 'Θέα σε αμπελώνες', 'Μπανιέρα', 'Πιστολάκι μαλλιών', 'Προϊόντα καθαρισμού', 'Σαμπουάν', 'Μαλακτικό', 'Αφρόλουτρο/σαπούνι σώματος', 'Ζεστό νερό', 'Αφρόλουτρο', 'Πλυντήριο ρούχων – στο κατάλυμα: Δωρεάν', 'Είδη πρώτης ανάγκης', 'Κρεμάστρες', 'Κλινοσκεπάσματα', 'Επιπλέον μαξιλάρια και κουβέρτες', 'Κουρτίνες συσκότισης', 'Σίδερο', 'Απλώστρα ρούχων', 'Κουνουπιέρα', 'Χώρος αποθήκευσης ρούχων: συρταριέρα', 'HDTV 32"" με Κλασική καλωδιακή τηλεόραση', 'Ηχοσύστημα με Bluetooth', 'Βιβλία και αναγνωστικό υλικό', 'Κεντρικός κλιματισμός', 'Θέρμανση', 'Πυροσβεστήρας', 'Κουτί πρώτων βοηθειών', 'Wifi', 'Κουζίνα', 'Ψυγείο', 'Μαγειρικά είδη', 'Πιάτα και μαχαιροπίρουνα', 'Ψυγειάκι', 'Καταψύκτης', 'Ηλεκτρική εστία', 'Φούρνος', 'Βραστήρας', 'Καφετιέρα: καφετιέρα Keurig, Nespresso, καφετιέρα ""pour-over""', 'Ποτήρια κρασιού', 'Φρυγανιέρα', 'Ταψί', 'Μαγειρικά σκεύη για μπάρμπεκιου', 'Καφές', 'Τραπεζαρία', 'Πρόσβαση σε παραλία: Δημόσιο ή κοινόχρηστο', 'Ιδιωτική είσοδος', 'Πρόσβαση σε θέρετρο επί πληρωμή', 'Αίθριο ή μπαλκόνι: Ιδιωτική παροχή', 'Ιδιωτική πίσω αυλή – Με πλήρη περίφραξη', 'Έπιπλα εξωτερικού χώρου', 'Υπαίθρια τραπεζαρία', 'Ψησταριά μπάρμπεκιου', 'Είδη παραλίας', 'Δωρεάν πάρκινγκ σε ιδιωτικό δρόμο στην ιδιοκτησία', 'Δωρεάν πάρκινγκ στον δρόμο', 'Ιδιωτικό τζακούζι - διατίθεται όλο τον χρόνο, διατίθεται 24 ώρες το 24-ωρο', 'Μονώροφο σπίτι', 'Επιτρέπονται οι διαμονές μεγάλης διάρκειας', 'Check-in χωρίς παρουσία οικοδεσπότη', 'Ο οικοδεσπότης σας υποδέχεται', 'Κουτί φύλαξης κλειδιών']",67,670,71,12
38.25283,20.39477,https://www.airbnb.gr/rooms/51457296?adults=2&check_in=2023-07-20&check_out=2023-07-30&previous_page_section_name=1000,Βίλα Aiolia,3,4,5,2,"['Θέα σε αυλή', 'Θέα στον κήπο', 'Θέα στο βουνό', 'Θέα σε ωκεανό', 'Θέα στον κόλπο', 'Πιστολάκι μαλλιών', 'Προϊόντα καθαρισμού', 'Σαμπουάν', 'Αφρόλουτρο/σαπούνι σώματος', 'Ντους εξωτερικού χώρου', 'Ζεστό νερό', 'Αφρόλουτρο', 'Πλυντήριο ρούχων – στο κατάλυμα: Δωρεάν', 'Στεγνωτήριο – στο κατάλυμα: Δωρεάν', 'Είδη πρώτης ανάγκης', 'Κρεμάστρες', 'Κλινοσκεπάσματα', 'Επιπλέον μαξιλάρια και κουβέρτες', 'Σίδερο', 'Απλώστρα ρούχων', 'Χώρος αποθήκευσης ρούχων: γκαρνταρόμπα', 'Τηλεόραση', 'Πάρκο/κούνια ταξιδιού - διατίθεται κατόπιν αιτήματος', 'Ανεξάρτητο καρεκλάκι μωρού - διατίθεται κατόπιν αιτήματος', 'Κλιματισμός', 'Φορητοί ανεμιστήρες', 'Φορητό θερμαντικό σώμα', 'Πυροσβεστήρας', 'Κουτί πρώτων βοηθειών', 'Wifi', 'Κουζίνα', 'Ψυγείο', 'Φούρνος μικροκυμάτων', 'Μαγειρικά είδη', 'Πιάτα και μαχαιροπίρουνα', 'Πλυντήριο πιάτων', 'Κουζίνα', 'Φούρνος', 'Βραστήρας', 'Καφετιέρα: κλασική καφετιέρα φίλτρου', 'Ποτήρια κρασιού', 'Φρυγανιέρα', 'Ταψί', 'Καφές', 'Τραπεζαρία', 'Ιδιωτική είσοδος', 'Πλυντήριο αυτοεξυπηρέτησης σε κοντινή απόσταση', 'Αίθριο ή μπαλκόνι: Ιδιωτική παροχή', 'Ιδιωτική πίσω αυλή – Με πλήρη περίφραξη', 'Έπιπλα εξωτερικού χώρου', 'Υπαίθρια τραπεζαρία', 'Ιδιωτική ψησταριά μπάρμπεκιου', 'Δωρεάν πάρκινγκ στην ιδιοκτησία', 'Δωρεάν πάρκινγκ στον δρόμο', 'Μονώροφο σπίτι', 'Επιτρέπονται οι διαμονές μεγάλης διάρκειας', 'Ο οικοδεσπότης σας υποδέχεται']",66,652,57,5
38.11487,20.51496,https://www.airbnb.gr/rooms/20253812?adults=2&check_in=2023-07-20&check_out=2023-07-30&previous_page_section_name=1000,Βίλες 5 αστέρων 1,4,4,1,2,"['Θέα σε αυλή', 'Θέα στον κήπο', 'Θέα σε πισίνα', 'Πιστολάκι μαλλιών', 'Ζεστό νερό', 'Πλυντήριο ρούχων – στο κατάλυμα: Δωρεάν', 'Είδη πρώτης ανάγκης', 'Κρεμάστρες', 'Σίδερο', 'Τηλεόραση', 'Κλιματισμός', 'Εσωτερικό τζάκι: με ξύλα', 'Θέρμανση', 'Κάμερες ασφαλείας στην ιδιοκτησία', 'Πυροσβεστήρας', 'Κουτί πρώτων βοηθειών', 'Wifi', 'Κουζίνα', 'Ψυγείο', 'Πιάτα και μαχαιροπίρουνα', 'Καφετιέρα', 'Ιδιωτική είσοδος', 'Αίθριο ή μπαλκόνι: Ιδιωτική παροχή', 'Ιδιωτική πίσω αυλή – Με πλήρη περίφραξη', 'Έπιπλα εξωτερικού χώρου', 'Υπαίθρια τραπεζαρία', 'Ψησταριά μπάρμπεκιου', 'Δωρεάν πάρκινγκ στην ιδιοκτησία', 'Πισίνα', 'Ο οικοδεσπότης σας υποδέχεται']",65,646,30,3
38.3015,20.4905,https://www.airbnb.gr/rooms/27519499?adults=2&check_in=2023-07-20&check_out=2023-07-30&previous_page_section_name=1000,Το σπίτι της Σοφίας στον Αγκώνα Κεφαλονιάς.,2,3,1,0,"['Θέα στον κόλπο', 'Θέα στο βουνό', 'Πιστολάκι μαλλιών', 'Ζεστό νερό', 'Είδη πρώτης ανάγκης', 'Κρεμάστρες', 'Σίδερο', 'Χώρος αποθήκευσης ρούχων: γκαρνταρόμπα', 'Βρεφική κούνια - διατίθεται κατόπιν αιτήματος', 'Καρεκλάκι μωρού', 'Κλιματισμός', 'Θέρμανση', 'Wifi', 'Κουζίνα', 'Ψυγείο', 'Μαγειρικά είδη', 'Πιάτα και μαχαιροπίρουνα', 'Ψυγειάκι', 'Ηλεκτρική εστία', 'Φούρνος', 'Καφετιέρα', 'Ποτήρια κρασιού', 'Ταψί', 'Τραπεζαρία', 'Ιδιωτική είσοδος', 'Πίσω αυλή', 'Υπαίθρια τραπεζαρία', 'Δωρεάν πάρκινγκ στον δρόμο', 'Επιτρέπονται κατοικίδια', 'Επιτρέπεται αποθήκευση αποσκευών', 'Επιτρέπονται οι διαμονές μεγάλης διάρκειας', 'Ο οικοδεσπότης σας υποδέχεται']",59,588,32,2
38.25283,20.39477,https://www.airbnb.gr/rooms/51457296?adults=2&check_in=2023-07-20&check_out=2023-07-30&previous_page_section_name=1000,Βίλα Aiolia,3,4,5,2,"['Θέα σε αυλή', 'Θέα στον κήπο', 'Θέα στο βουνό', 'Θέα σε ωκεανό', 'Θέα στον κόλπο', 'Πιστολάκι μαλλιών', 'Προϊόντα καθαρισμού', 'Σαμπουάν', 'Αφρόλουτρο/σαπούνι σώματος', 'Ντους εξωτερικού χώρου', 'Ζεστό νερό', 'Αφρόλουτρο', 'Πλυντήριο ρούχων – στο κατάλυμα: Δωρεάν', 'Στεγνωτήριο – στο κατάλυμα: Δωρεάν', 'Είδη πρώτης ανάγκης', 'Κρεμάστρες', 'Κλινοσκεπάσματα', 'Επιπλέον μαξιλάρια και κουβέρτες', 'Σίδερο', 'Απλώστρα ρούχων', 'Χώρος αποθήκευσης ρούχων: γκαρνταρόμπα', 'Τηλεόραση', 'Πάρκο/κούνια ταξιδιού - διατίθεται κατόπιν αιτήματος', 'Ανεξάρτητο καρεκλάκι μωρού - διατίθεται κατόπιν αιτήματος', 'Κλιματισμός', 'Φορητοί ανεμιστήρες', 'Φορητό θερμαντικό σώμα', 'Πυροσβεστήρας', 'Κουτί πρώτων βοηθειών', 'Wifi', 'Κουζίνα', 'Ψυγείο', 'Φούρνος μικροκυμάτων', 'Μαγειρικά είδη', 'Πιάτα και μαχαιροπίρουνα', 'Πλυντήριο πιάτων', 'Κουζίνα', 'Φούρνος', 'Βραστήρας', 'Καφετιέρα: κλασική καφετιέρα φίλτρου', 'Ποτήρια κρασιού', 'Φρυγανιέρα', 'Ταψί', 'Καφές', 'Τραπεζαρία', 'Ιδιωτική είσοδος', 'Πλυντήριο αυτοεξυπηρέτησης σε κοντινή απόσταση', 'Αίθριο ή μπαλκόνι: Ιδιωτική παροχή', 'Ιδιωτική πίσω αυλή – Με πλήρη περίφραξη', 'Έπιπλα εξωτερικού χώρου', 'Υπαίθρια τραπεζαρία', 'Ιδιωτική ψησταριά μπάρμπεκιου', 'Δωρεάν πάρκινγκ στην ιδιοκτησία', 'Δωρεάν πάρκινγκ στον δρόμο', 'Μονώροφο σπίτι', 'Επιτρέπονται οι διαμονές μεγάλης διάρκειας', 'Ο οικοδεσπότης σας υποδέχεται']",59,582,57,5
38.27343,20.56723,https://www.airbnb.gr/rooms/839688551730139470?adults=2&check_in=2023-07-20&check_out=2023-07-30&previous_page_section_name=1000,Off-the-Grid Stone Cottage,3,2,1,1,"['Θέα στον κόλπο', 'Θέα στο βουνό', 'Θέα στη θάλασσα', 'Προϊόντα καθαρισμού', 'Σαμπουάν', 'Αφρόλουτρο/σαπούνι σώματος', 'Ζεστό νερό', 'Αφρόλουτρο', 'Είδη πρώτης ανάγκης', 'Κρεμάστρες', 'Κλινοσκεπάσματα', 'Επιπλέον μαξιλάρια και κουβέρτες', 'Κουρτίνες συσκότισης', 'Απλώστρα ρούχων', 'Χώρος αποθήκευσης ρούχων: γκαρνταρόμπα', 'Τηλεόραση', 'Βιβλία και αναγνωστικό υλικό', 'Ανιχνευτής καπνού', 'Ανιχνευτής μονοξειδίου του άνθρακα', 'Πυροσβεστήρας', 'Κουτί πρώτων βοηθειών', 'Κουζίνα', 'Μαγειρικά είδη', 'Πιάτα και μαχαιροπίρουνα', 'Ψυγειάκι', 'Εστία υγραερίου', 'Φούρνος', 'Ποτήρια κρασιού', 'Ταψί', 'Μαγειρικά σκεύη για μπάρμπεκιου', 'Καφές', 'Ιδιωτική είσοδος', 'Ιδιωτική πίσω αυλή – Με πλήρη περίφραξη', 'Έπιπλα εξωτερικού χώρου', 'Υπαίθρια τραπεζαρία', 'Ψησταριά μπάρμπεκιου: αερίου', 'Ξαπλώστρες', 'Δωρεάν πάρκινγκ στην ιδιοκτησία', 'Μονώροφο σπίτι', 'Επιτρέπονται κατοικίδια', 'Επιτρέπεται αποθήκευση αποσκευών', 'Επιτρέπεται το κάπνισμα', 'Διατίθενται υπηρεσίες καθαρισμού κατά τη διάρκεια της διαμονής']",55,541,43,3
38.18602,20.4842,https://www.airbnb.gr/rooms/2467405?adults=2&check_in=2023-07-20&check_out=2023-07-30&previous_page_section_name=1000,Άνετο διαμέρισμα δύο υπνοδωματίων - Αργοστόλι,3,4,1,2,"['Θέα σε αυλή', 'Θέα στον κήπο', 'Πιστολάκι μαλλιών', 'Προϊόντα καθαρισμού', 'Σαμπουάν', 'Ζεστό νερό', 'Αφρόλουτρο', 'Πλυντήριο ρούχων – στο κατάλυμα: Δωρεάν', 'Είδη πρώτης ανάγκης', 'Κρεμάστρες', 'Κλινοσκεπάσματα', 'Επιπλέον μαξιλάρια και κουβέρτες', 'Σίδερο', 'Απλώστρα ρούχων', 'Κουνουπιέρα', 'Χώρος αποθήκευσης ρούχων', 'Σύνδεση ethernet', 'HDTV', 'Βρεφική κούνια', 'Πάρκο/κούνια ταξιδιού', 'Παιδικά βιβλία και παιχνίδια', 'Καρεκλάκι μωρού', 'Βρεφικό μπάνιο', 'Κάγκελα παραθύρου', 'Κλιματισμός', 'Φορητοί ανεμιστήρες', 'Θέρμανση', 'Πυροσβεστήρας', 'Κουτί πρώτων βοηθειών', 'Wifi', 'Ειδικός χώρος εργασίας', 'Κουζίνα', 'Ψυγείο', 'Φούρνος μικροκυμάτων', 'Μαγειρικά είδη', 'Πιάτα και μαχαιροπίρουνα', 'Κουζίνα', 'Φούρνος', 'Βραστήρας', 'Καφετιέρα: Nespresso, καφετιέρα ""pour-over""', 'Ποτήρια κρασιού', 'Φρυγανιέρα', 'Ταψί', 'Τραπεζαρία', 'Μπροστά στο νερό', 'Πρόσβαση σε παραλία – Μπροστά σε παραλία', 'Με πρόσβαση στη λίμνη', 'Ιδιωτική είσοδος', 'Πρόσβαση σε θέρετρο', 'Αίθριο ή μπαλκόνι: Ιδιωτική παροχή', 'Κοινόχρηστη πίσω αυλή – Με πλήρη περίφραξη', 'Έπιπλα εξωτερικού χώρου', 'Δωρεάν πάρκινγκ στον δρόμο', 'Ασανσέρ', 'Μονώροφο σπίτι', 'Επιτρέπεται αποθήκευση αποσκευών', 'Επιτρέπεται το κάπνισμα', 'Επιτρέπονται οι διαμονές μεγάλης διάρκειας', 'Ο οικοδεσπότης σας υποδέχεται']",53,529,59,2
38.18602,20.4842,https://www.airbnb.gr/rooms/2467405?adults=2&check_in=2023-07-20&check_out=2023-07-30&previous_page_section_name=1000,Άνετο διαμέρισμα δύο υπνοδωματίων - Αργοστόλι,3,4,1,2,"['Θέα σε αυλή', 'Θέα στον κήπο', 'Πιστολάκι μαλλιών', 'Προϊόντα καθαρισμού', 'Σαμπουάν', 'Ζεστό νερό', 'Αφρόλουτρο', 'Πλυντήριο ρούχων – στο κατάλυμα: Δωρεάν', 'Είδη πρώτης ανάγκης', 'Κρεμάστρες', 'Κλινοσκεπάσματα', 'Επιπλέον μαξιλάρια και κουβέρτες', 'Σίδερο', 'Απλώστρα ρούχων', 'Κουνουπιέρα', 'Χώρος αποθήκευσης ρούχων', 'Σύνδεση ethernet', 'HDTV', 'Βρεφική κούνια', 'Πάρκο/κούνια ταξιδιού', 'Παιδικά βιβλία και παιχνίδια', 'Καρεκλάκι μωρού', 'Βρεφικό μπάνιο', 'Κάγκελα παραθύρου', 'Κλιματισμός', 'Φορητοί ανεμιστήρες', 'Θέρμανση', 'Πυροσβεστήρας', 'Κουτί πρώτων βοηθειών', 'Wifi', 'Ειδικός χώρος εργασίας', 'Κουζίνα', 'Ψυγείο', 'Φούρνος μικροκυμάτων', 'Μαγειρικά είδη', 'Πιάτα και μαχαιροπίρουνα', 'Κουζίνα', 'Φούρνος', 'Βραστήρας', 'Καφετιέρα: Nespresso, καφετιέρα ""pour-over""', 'Ποτήρια κρασιού', 'Φρυγανιέρα', 'Ταψί', 'Τραπεζαρία', 'Μπροστά στο νερό', 'Πρόσβαση σε παραλία – Μπροστά σε παραλία', 'Με πρόσβαση στη λίμνη', 'Ιδιωτική είσοδος', 'Πρόσβαση σε θέρετρο', 'Αίθριο ή μπαλκόνι: Ιδιωτική παροχή', 'Κοινόχρηστη πίσω αυλή – Με πλήρη περίφραξη', 'Έπιπλα εξωτερικού χώρου', 'Δωρεάν πάρκινγκ στον δρόμο', 'Ασανσέρ', 'Μονώροφο σπίτι', 'Επιτρέπεται αποθήκευση αποσκευών', 'Επιτρέπεται το κάπνισμα', 'Επιτρέπονται οι διαμονές μεγάλης διάρκειας', 'Ο οικοδεσπότης σας υποδέχεται']",49,488,59,2
